harness,dataset,index,params,k,recall_at_k,mean_latency_us,p95_latency_us,build_seconds,index_bytes,base_bytes,queries,runs,timestamp
faiss,GIST1M,IndexHNSWFlat,"M=8,efC=100,ef=16",10,0.326700,64.289,88.959,268.160,80566706,3840000000,1000,3,2026-09-05T02:44:25.597489+00:00
faiss,GIST1M,IndexHNSWFlat,"M=8,efC=100,ef=32",10,0.433800,101.686,135.083,268.160,80566706,3840000000,1000,3,2026-09-05T02:44:26.092139+00:00
faiss,GIST1M,IndexHNSWFlat,"M=8,efC=100,ef=64",10,0.548100,173.744,216.542,268.160,80566706,3840000000,1000,3,2026-09-05T02:44:26.906966+00:00
faiss,GIST1M,IndexHNSWFlat,"M=8,efC=100,ef=128",10,0.655400,310.673,359.375,268.160,80566706,3840000000,1000,3,2026-09-05T02:44:28.240974+00:00
faiss,GIST1M,IndexHNSWFlat,"M=8,efC=100,ef=256",10,0.746000,587.213,667.833,268.160,80566706,3840000000,1000,3,2026-09-05T02:44:30.662832+00:00
faiss,GIST1M,IndexHNSWFlat,"M=8,efC=100,ef=512",10,0.820900,1137.098,1279.333,268.160,80566706,3840000000,1000,3,2026-09-05T02:44:35.427255+00:00
faiss,GIST1M,IndexHNSWFlat,"M=8,efC=200,ef=16",10,0.343300,65.389,88.709,515.544,80566706,3840000000,1000,3,2026-09-05T02:53:13.030383+00:00
faiss,GIST1M,IndexHNSWFlat,"M=8,efC=200,ef=32",10,0.461300,103.894,139.875,515.544,80566706,3840000000,1000,3,2026-09-05T02:53:13.470263+00:00
faiss,GIST1M,IndexHNSWFlat,"M=8,efC=200,ef=64",10,0.582700,182.099,226.625,515.544,80566706,3840000000,1000,3,2026-09-05T02:53:14.223613+00:00
faiss,GIST1M,IndexHNSWFlat,"M=8,efC=200,ef=128",10,0.694800,328.296,386.083,515.544,80566706,3840000000,1000,3,2026-09-05T02:53:15.549415+00:00
faiss,GIST1M,IndexHNSWFlat,"M=8,efC=200,ef=256",10,0.789700,607.658,688.000,515.544,80566706,3840000000,1000,3,2026-09-05T02:53:18.016317+00:00
faiss,GIST1M,IndexHNSWFlat,"M=8,efC=200,ef=512",10,0.860300,1190.748,1333.042,515.544,80566706,3840000000,1000,3,2026-09-05T02:53:22.807628+00:00
faiss,GIST1M,IndexHNSWFlat,"M=8,efC=400,ef=16",10,0.364900,69.712,97.459,974.789,80566706,3840000000,1000,3,2026-09-05T03:09:40.512068+00:00
faiss,GIST1M,IndexHNSWFlat,"M=8,efC=400,ef=32",10,0.483100,113.031,151.000,974.789,80566706,3840000000,1000,3,2026-09-05T03:09:41.053288+00:00
faiss,GIST1M,IndexHNSWFlat,"M=8,efC=400,ef=64",10,0.608600,191.210,240.167,974.789,80566706,3840000000,1000,3,2026-09-05T03:09:41.887651+00:00
faiss,GIST1M,IndexHNSWFlat,"M=8,efC=400,ef=128",10,0.724900,375.688,465.584,974.789,80566706,3840000000,1000,3,2026-09-05T03:09:43.408167+00:00
faiss,GIST1M,IndexHNSWFlat,"M=8,efC=400,ef=256",10,0.816300,639.356,746.583,974.789,80566706,3840000000,1000,3,2026-09-05T03:09:46.085352+00:00
faiss,GIST1M,IndexHNSWFlat,"M=8,efC=400,ef=512",10,0.880100,1239.147,1401.708,974.789,80566706,3840000000,1000,3,2026-09-05T03:09:51.183466+00:00
faiss,GIST1M,IndexHNSWFlat,"M=16,efC=100,ef=16",10,0.466200,91.576,128.625,356.369,144258362,3840000000,1000,3,2026-09-05T03:15:48.638432+00:00
faiss,GIST1M,IndexHNSWFlat,"M=16,efC=100,ef=32",10,0.590100,154.221,207.583,356.369,144258362,3840000000,1000,3,2026-09-05T03:15:49.268510+00:00
faiss,GIST1M,IndexHNSWFlat,"M=16,efC=100,ef=64",10,0.714800,269.127,346.292,356.369,144258362,3840000000,1000,3,2026-09-05T03:15:50.352250+00:00
faiss,GIST1M,IndexHNSWFlat,"M=16,efC=100,ef=128",10,0.812300,499.622,630.375,356.369,144258362,3840000000,1000,3,2026-09-05T03:15:52.342245+00:00
faiss,GIST1M,IndexHNSWFlat,"M=16,efC=100,ef=256",10,0.887900,848.136,1043.833,356.369,144258362,3840000000,1000,3,2026-09-05T03:15:55.785284+00:00
faiss,GIST1M,IndexHNSWFlat,"M=16,efC=100,ef=512",10,0.937200,1666.889,2036.750,356.369,144258362,3840000000,1000,3,2026-09-05T03:16:02.266422+00:00
faiss,GIST1M,IndexHNSWFlat,"M=16,efC=200,ef=16",10,0.509300,97.104,133.667,710.227,144258362,3840000000,1000,3,2026-09-05T03:27:53.614199+00:00
faiss,GIST1M,IndexHNSWFlat,"M=16,efC=200,ef=32",10,0.643100,152.733,199.250,710.227,144258362,3840000000,1000,3,2026-09-05T03:27:54.267929+00:00
faiss,GIST1M,IndexHNSWFlat,"M=16,efC=200,ef=64",10,0.763400,273.168,341.958,710.227,144258362,3840000000,1000,3,2026-09-05T03:27:55.400618+00:00
faiss,GIST1M,IndexHNSWFlat,"M=16,efC=200,ef=128",10,0.856700,483.216,596.083,710.227,144258362,3840000000,1000,3,2026-09-05T03:27:57.355962+00:00
faiss,GIST1M,IndexHNSWFlat,"M=16,efC=200,ef=256",10,0.922300,914.402,1127.917,710.227,144258362,3840000000,1000,3,2026-09-05T03:28:00.973626+00:00
faiss,GIST1M,IndexHNSWFlat,"M=16,efC=200,ef=512",10,0.958600,1695.322,2105.583,710.227,144258362,3840000000,1000,3,2026-09-05T03:28:07.822957+00:00
faiss,GIST1M,IndexHNSWFlat,"M=16,efC=400,ef=16",10,0.530900,254.557,348.834,2027.909,144258362,3840000000,1000,3,2026-09-05T04:01:59.046567+00:00
faiss,GIST1M,IndexHNSWFlat,"M=16,efC=400,ef=32",10,0.661900,408.013,540.167,2027.909,144258362,3840000000,1000,3,2026-09-05T04:02:00.654172+00:00
faiss,GIST1M,IndexHNSWFlat,"M=16,efC=400,ef=64",10,0.786300,696.949,836.500,2027.909,144258362,3840000000,1000,3,2026-09-05T04:02:03.477795+00:00
faiss,GIST1M,IndexHNSWFlat,"M=16,efC=400,ef=128",10,0.879300,1226.416,1497.458,2027.909,144258362,3840000000,1000,3,2026-09-05T04:02:08.433598+00:00
faiss,GIST1M,IndexHNSWFlat,"M=16,efC=400,ef=256",10,0.939100,1814.705,2693.000,2027.909,144258362,3840000000,1000,3,2026-09-05T04:02:16.241574+00:00
faiss,GIST1M,IndexHNSWFlat,"M=16,efC=400,ef=512",10,0.970500,3034.560,5019.667,2027.909,144258362,3840000000,1000,3,2026-09-05T04:02:27.942908+00:00
faiss,GIST1M,IndexHNSWFlat,"M=32,efC=100,ef=16",10,0.531300,146.093,211.750,849.548,272129506,3840000000,1000,3,2026-09-05T04:16:39.296267+00:00
faiss,GIST1M,IndexHNSWFlat,"M=32,efC=100,ef=32",10,0.664000,232.949,322.375,849.548,272129506,3840000000,1000,3,2026-09-05T04:16:40.294758+00:00
faiss,GIST1M,IndexHNSWFlat,"M=32,efC=100,ef=64",10,0.784900,442.563,624.500,849.548,272129506,3840000000,1000,3,2026-09-05T04:16:42.229173+00:00
faiss,GIST1M,IndexHNSWFlat,"M=32,efC=100,ef=128",10,0.877000,755.513,1484.042,849.548,272129506,3840000000,1000,3,2026-09-05T04:16:45.690739+00:00
faiss,GIST1M,IndexHNSWFlat,"M=32,efC=100,ef=256",10,0.935300,1427.007,2625.167,849.548,272129506,3840000000,1000,3,2026-09-05T04:16:52.091615+00:00
faiss,GIST1M,IndexHNSWFlat,"M=32,efC=100,ef=512",10,0.970200,3662.790,5998.833,849.548,272129506,3840000000,1000,3,2026-09-05T04:17:07.920130+00:00
faiss,GIST1M,IndexHNSWFlat,"M=32,efC=200,ef=16",10,0.590900,346.096,499.333,1497.850,272129506,3840000000,1000,3,2026-09-05T04:42:08.322616+00:00
faiss,GIST1M,IndexHNSWFlat,"M=32,efC=200,ef=32",10,0.724000,549.444,755.209,1497.850,272129506,3840000000,1000,3,2026-09-05T04:42:10.516160+00:00
faiss,GIST1M,IndexHNSWFlat,"M=32,efC=200,ef=64",10,0.836900,927.688,1269.125,1497.850,272129506,3840000000,1000,3,2026-09-05T04:42:13.761171+00:00
faiss,GIST1M,IndexHNSWFlat,"M=32,efC=200,ef=128",10,0.915100,1649.876,2154.250,1497.850,272129506,3840000000,1000,3,2026-09-05T04:42:20.305045+00:00
faiss,GIST1M,IndexHNSWFlat,"M=32,efC=200,ef=256",10,0.960700,2924.186,3869.709,1497.850,272129506,3840000000,1000,3,2026-09-05T04:42:32.131556+00:00
faiss,GIST1M,IndexHNSWFlat,"M=32,efC=200,ef=512",10,0.981900,4387.835,6972.541,1497.850,272129506,3840000000,1000,3,2026-09-05T04:42:49.884564+00:00
faiss,GIST1M,IndexHNSWFlat,"M=32,efC=400,ef=16",10,0.620700,361.264,529.750,3321.845,272129506,3840000000,1000,3,2026-09-05T05:38:15.500105+00:00
faiss,GIST1M,IndexHNSWFlat,"M=32,efC=400,ef=32",10,0.757200,608.073,828.042,3321.845,272129506,3840000000,1000,3,2026-09-05T05:38:17.896152+00:00
faiss,GIST1M,IndexHNSWFlat,"M=32,efC=400,ef=64",10,0.871500,989.715,1336.750,3321.845,272129506,3840000000,1000,3,2026-09-05T05:38:21.948810+00:00
faiss,GIST1M,IndexHNSWFlat,"M=32,efC=400,ef=128",10,0.943000,1835.451,2370.500,3321.845,272129506,3840000000,1000,3,2026-09-05T05:38:29.479316+00:00
faiss,GIST1M,IndexHNSWFlat,"M=32,efC=400,ef=256",10,0.976600,3312.528,4262.208,3321.845,272129506,3840000000,1000,3,2026-09-05T05:38:41.933536+00:00
faiss,GIST1M,IndexHNSWFlat,"M=32,efC=400,ef=512",10,0.990500,5805.719,7665.959,3321.845,272129506,3840000000,1000,3,2026-09-05T05:39:05.225687+00:00
faiss,GIST1M,IndexIVFPQ,"nlist=1024,m=8,nprobe=1",10,0.076400,105.507,110.208,28.544,20923572,3840000000,1000,3,2026-09-05T05:39:34.222033+00:00
faiss,GIST1M,IndexIVFPQ,"nlist=1024,m=8,nprobe=4",10,0.095400,120.396,134.042,28.544,20923572,3840000000,1000,3,2026-09-05T05:39:34.721265+00:00
faiss,GIST1M,IndexIVFPQ,"nlist=1024,m=8,nprobe=8",10,0.100300,137.361,162.459,28.544,20923572,3840000000,1000,3,2026-09-05T05:39:35.289050+00:00
faiss,GIST1M,IndexIVFPQ,"nlist=1024,m=8,nprobe=16",10,0.101500,173.607,217.333,28.544,20923572,3840000000,1000,3,2026-09-05T05:39:36.006897+00:00
faiss,GIST1M,IndexIVFPQ,"nlist=1024,m=8,nprobe=32",10,0.101900,243.601,308.917,28.544,20923572,3840000000,1000,3,2026-09-05T05:39:36.999322+00:00
faiss,GIST1M,IndexIVFPQ,"nlist=1024,m=8,nprobe=64",10,0.102100,378.667,470.167,28.544,20923572,3840000000,1000,3,2026-09-05T05:39:38.532065+00:00
faiss,GIST1M,IndexIVFPQ,"nlist=1024,m=16,nprobe=1",10,0.111700,116.705,124.000,35.138,28923572,3840000000,1000,3,2026-09-05T05:40:14.165054+00:00
faiss,GIST1M,IndexIVFPQ,"nlist=1024,m=16,nprobe=4",10,0.153600,139.435,163.375,35.138,28923572,3840000000,1000,3,2026-09-05T05:40:14.741385+00:00
faiss,GIST1M,IndexIVFPQ,"nlist=1024,m=16,nprobe=8",10,0.166000,168.365,208.416,35.138,28923572,3840000000,1000,3,2026-09-05T05:40:15.432928+00:00
faiss,GIST1M,IndexIVFPQ,"nlist=1024,m=16,nprobe=16",10,0.171200,228.494,300.000,35.138,28923572,3840000000,1000,3,2026-09-05T05:40:16.367821+00:00
faiss,GIST1M,IndexIVFPQ,"nlist=1024,m=16,nprobe=32",10,0.172700,346.074,454.000,35.138,28923572,3840000000,1000,3,2026-09-05T05:40:17.772703+00:00
faiss,GIST1M,IndexIVFPQ,"nlist=1024,m=16,nprobe=64",10,0.172800,579.685,729.333,35.138,28923572,3840000000,1000,3,2026-09-05T05:40:20.100702+00:00
faiss,GIST1M,IndexIVFPQ,"nlist=1024,m=32,nprobe=1",10,0.146300,151.102,165.375,49.866,44923572,3840000000,1000,3,2026-09-05T05:41:10.602658+00:00
faiss,GIST1M,IndexIVFPQ,"nlist=1024,m=32,nprobe=4",10,0.229900,193.976,236.875,49.866,44923572,3840000000,1000,3,2026-09-05T05:41:11.397383+00:00
faiss,GIST1M,IndexIVFPQ,"nlist=1024,m=32,nprobe=8",10,0.256700,253.100,335.125,49.866,44923572,3840000000,1000,3,2026-09-05T05:41:12.435472+00:00
faiss,GIST1M,IndexIVFPQ,"nlist=1024,m=32,nprobe=16",10,0.268600,367.290,506.875,49.866,44923572,3840000000,1000,3,2026-09-05T05:41:13.939523+00:00
faiss,GIST1M,IndexIVFPQ,"nlist=1024,m=32,nprobe=32",10,0.272100,586.160,789.708,49.866,44923572,3840000000,1000,3,2026-09-05T05:41:16.378543+00:00
faiss,GIST1M,IndexIVFPQ,"nlist=1024,m=32,nprobe=64",10,0.273400,991.152,1271.750,49.866,44923572,3840000000,1000,3,2026-09-05T05:41:20.383427+00:00
faiss,GIST1M,IndexIVFPQ,"nlist=4096,m=8,nprobe=1",10,0.075700,328.621,337.459,252.773,32744628,3840000000,1000,3,2026-09-05T05:45:34.547789+00:00
faiss,GIST1M,IndexIVFPQ,"nlist=4096,m=8,nprobe=4",10,0.104600,339.053,352.958,252.773,32744628,3840000000,1000,3,2026-09-05T05:45:35.924451+00:00
faiss,GIST1M,IndexIVFPQ,"nlist=4096,m=8,nprobe=8",10,0.111000,349.554,370.292,252.773,32744628,3840000000,1000,3,2026-09-05T05:45:37.335760+00:00
faiss,GIST1M,IndexIVFPQ,"nlist=4096,m=8,nprobe=16",10,0.113400,364.508,387.709,252.773,32744628,3840000000,1000,3,2026-09-05T05:45:38.812495+00:00
faiss,GIST1M,IndexIVFPQ,"nlist=4096,m=8,nprobe=32",10,0.114700,393.609,421.625,252.773,32744628,3840000000,1000,3,2026-09-05T05:45:40.411133+00:00
faiss,GIST1M,IndexIVFPQ,"nlist=4096,m=8,nprobe=64",10,0.114900,454.866,497.083,252.773,32744628,3840000000,1000,3,2026-09-05T05:45:42.250013+00:00
faiss,GIST1M,IndexIVFPQ,"nlist=4096,m=16,nprobe=1",10,0.097400,339.335,345.167,258.516,40744628,3840000000,1000,3,2026-09-05T05:50:02.164939+00:00
faiss,GIST1M,IndexIVFPQ,"nlist=4096,m=16,nprobe=4",10,0.152400,350.839,359.459,258.516,40744628,3840000000,1000,3,2026-09-05T05:50:03.588578+00:00
faiss,GIST1M,IndexIVFPQ,"nlist=4096,m=16,nprobe=8",10,0.168500,362.436,374.417,258.516,40744628,3840000000,1000,3,2026-09-05T05:50:05.053996+00:00
faiss,GIST1M,IndexIVFPQ,"nlist=4096,m=16,nprobe=16",10,0.177400,386.957,410.291,258.516,40744628,3840000000,1000,3,2026-09-05T05:50:06.617077+00:00
faiss,GIST1M,IndexIVFPQ,"nlist=4096,m=16,nprobe=32",10,0.182200,433.078,470.958,258.516,40744628,3840000000,1000,3,2026-09-05T05:50:08.362120+00:00
faiss,GIST1M,IndexIVFPQ,"nlist=4096,m=16,nprobe=64",10,0.183200,520.442,582.833,258.516,40744628,3840000000,1000,3,2026-09-05T05:50:10.460692+00:00
faiss,GIST1M,IndexIVFPQ,"nlist=4096,m=32,nprobe=1",10,0.120800,372.165,404.250,270.465,56744628,3840000000,1000,3,2026-09-05T05:54:42.455698+00:00
faiss,GIST1M,IndexIVFPQ,"nlist=4096,m=32,nprobe=4",10,0.214700,395.907,442.250,270.465,56744628,3840000000,1000,3,2026-09-05T05:54:44.048521+00:00
faiss,GIST1M,IndexIVFPQ,"nlist=4096,m=32,nprobe=8",10,0.248400,413.707,460.500,270.465,56744628,3840000000,1000,3,2026-09-05T05:54:45.729888+00:00
faiss,GIST1M,IndexIVFPQ,"nlist=4096,m=32,nprobe=16",10,0.265800,457.460,513.709,270.465,56744628,3840000000,1000,3,2026-09-05T05:54:47.576482+00:00
faiss,GIST1M,IndexIVFPQ,"nlist=4096,m=32,nprobe=32",10,0.277100,515.463,584.833,270.465,56744628,3840000000,1000,3,2026-09-05T05:54:49.664613+00:00
faiss,GIST1M,IndexIVFPQ,"nlist=4096,m=32,nprobe=64",10,0.280400,672.919,796.834,270.465,56744628,3840000000,1000,3,2026-09-05T05:54:52.370619+00:00
