harness,dataset,index,params,k,recall_at_k,mean_latency_us,p95_latency_us,build_seconds,index_bytes,base_bytes,queries,runs,timestamp
java,SIFT1M,"hnsw(M=8,efC=100,ef=16)","M=8,efC=100,ef=16",10,0.703500,21.481,29.708,90.790,81163696,512000000,10000,3,2026-09-04T09:29:15.552509Z
java,SIFT1M,"hnsw(M=8,efC=100,ef=32)","M=8,efC=100,ef=32",10,0.826860,34.417,44.792,90.790,81163696,512000000,10000,3,2026-09-04T09:29:16.632951Z
java,SIFT1M,"hnsw(M=8,efC=100,ef=64)","M=8,efC=100,ef=64",10,0.912570,58.847,72.541,90.790,81163696,512000000,10000,3,2026-09-04T09:29:18.470731Z
java,SIFT1M,"hnsw(M=8,efC=100,ef=128)","M=8,efC=100,ef=128",10,0.961540,105.784,127.666,90.790,81163696,512000000,10000,3,2026-09-04T09:29:21.767784Z
java,SIFT1M,"hnsw(M=8,efC=100,ef=256)","M=8,efC=100,ef=256",10,0.985030,192.617,232.833,90.790,81163696,512000000,10000,3,2026-09-04T09:29:27.765314Z
java,SIFT1M,"hnsw(M=8,efC=100,ef=512)","M=8,efC=100,ef=512",10,0.994230,359.087,435.917,90.790,81163696,512000000,10000,3,2026-09-04T09:29:38.908122Z
java,SIFT1M,"hnsw(M=8,efC=200,ef=16)","M=8,efC=200,ef=16",10,0.714580,22.155,30.375,169.210,81163696,512000000,10000,3,2026-09-04T09:32:28.984351Z
java,SIFT1M,"hnsw(M=8,efC=200,ef=32)","M=8,efC=200,ef=32",10,0.836520,35.651,46.084,169.210,81163696,512000000,10000,3,2026-09-04T09:32:30.097743Z
java,SIFT1M,"hnsw(M=8,efC=200,ef=64)","M=8,efC=200,ef=64",10,0.922040,60.762,74.042,169.210,81163696,512000000,10000,3,2026-09-04T09:32:31.994197Z
java,SIFT1M,"hnsw(M=8,efC=200,ef=128)","M=8,efC=200,ef=128",10,0.968610,109.071,130.583,169.210,81163696,512000000,10000,3,2026-09-04T09:32:35.387515Z
java,SIFT1M,"hnsw(M=8,efC=200,ef=256)","M=8,efC=200,ef=256",10,0.988660,200.989,241.542,169.210,81163696,512000000,10000,3,2026-09-04T09:32:41.647637Z
java,SIFT1M,"hnsw(M=8,efC=200,ef=512)","M=8,efC=200,ef=512",10,0.995730,371.888,450.750,169.210,81163696,512000000,10000,3,2026-09-04T09:32:53.198985Z
java,SIFT1M,"hnsw(M=8,efC=400,ef=16)","M=8,efC=400,ef=16",10,0.719110,22.785,31.584,310.668,81163696,512000000,10000,3,2026-09-04T09:38:04.756819Z
java,SIFT1M,"hnsw(M=8,efC=400,ef=32)","M=8,efC=400,ef=32",10,0.841610,37.342,48.500,310.668,81163696,512000000,10000,3,2026-09-04T09:38:05.922708Z
java,SIFT1M,"hnsw(M=8,efC=400,ef=64)","M=8,efC=400,ef=64",10,0.926480,63.111,78.458,310.668,81163696,512000000,10000,3,2026-09-04T09:38:07.889447Z
java,SIFT1M,"hnsw(M=8,efC=400,ef=128)","M=8,efC=400,ef=128",10,0.971840,112.516,134.959,310.668,81163696,512000000,10000,3,2026-09-04T09:38:11.394603Z
java,SIFT1M,"hnsw(M=8,efC=400,ef=256)","M=8,efC=400,ef=256",10,0.990470,208.284,250.959,310.668,81163696,512000000,10000,3,2026-09-04T09:38:17.860430Z
java,SIFT1M,"hnsw(M=8,efC=400,ef=512)","M=8,efC=400,ef=512",10,0.996760,380.050,457.917,310.668,81163696,512000000,10000,3,2026-09-04T09:38:29.644556Z
java,SIFT1M,"hnsw(M=16,efC=100,ef=16)","M=16,efC=100,ef=16",10,0.793800,31.199,43.250,110.625,144568308,512000000,10000,3,2026-09-04T09:40:21.449323Z
java,SIFT1M,"hnsw(M=16,efC=100,ef=32)","M=16,efC=100,ef=32",10,0.896800,49.163,64.458,110.625,144568308,512000000,10000,3,2026-09-04T09:40:22.983129Z
java,SIFT1M,"hnsw(M=16,efC=100,ef=64)","M=16,efC=100,ef=64",10,0.959090,84.471,108.083,110.625,144568308,512000000,10000,3,2026-09-04T09:40:25.611586Z
java,SIFT1M,"hnsw(M=16,efC=100,ef=128)","M=16,efC=100,ef=128",10,0.986480,150.015,193.125,110.625,144568308,512000000,10000,3,2026-09-04T09:40:30.275424Z
java,SIFT1M,"hnsw(M=16,efC=100,ef=256)","M=16,efC=100,ef=256",10,0.996090,271.390,350.875,110.625,144568308,512000000,10000,3,2026-09-04T09:40:38.693384Z
java,SIFT1M,"hnsw(M=16,efC=100,ef=512)","M=16,efC=100,ef=512",10,0.998760,490.055,638.792,110.625,144568308,512000000,10000,3,2026-09-04T09:40:53.997827Z
java,SIFT1M,"hnsw(M=16,efC=200,ef=16)","M=16,efC=200,ef=16",10,0.816980,32.706,44.916,225.236,144568308,512000000,10000,3,2026-09-04T09:44:40.463981Z
java,SIFT1M,"hnsw(M=16,efC=200,ef=32)","M=16,efC=200,ef=32",10,0.916040,53.208,69.250,225.236,144568308,512000000,10000,3,2026-09-04T09:44:42.122741Z
java,SIFT1M,"hnsw(M=16,efC=200,ef=64)","M=16,efC=200,ef=64",10,0.970350,92.029,116.958,225.236,144568308,512000000,10000,3,2026-09-04T09:44:44.983616Z
java,SIFT1M,"hnsw(M=16,efC=200,ef=128)","M=16,efC=200,ef=128",10,0.992000,164.735,211.000,225.236,144568308,512000000,10000,3,2026-09-04T09:44:50.108208Z
java,SIFT1M,"hnsw(M=16,efC=200,ef=256)","M=16,efC=200,ef=256",10,0.997870,295.662,384.000,225.236,144568308,512000000,10000,3,2026-09-04T09:44:59.295827Z
java,SIFT1M,"hnsw(M=16,efC=200,ef=512)","M=16,efC=200,ef=512",10,0.999240,533.250,699.541,225.236,144568308,512000000,10000,3,2026-09-04T09:45:15.845108Z
java,SIFT1M,"hnsw(M=16,efC=400,ef=16)","M=16,efC=400,ef=16",10,0.820740,34.695,47.334,425.748,144568308,512000000,10000,3,2026-09-04T09:52:22.893314Z
java,SIFT1M,"hnsw(M=16,efC=400,ef=32)","M=16,efC=400,ef=32",10,0.920390,57.058,73.625,425.748,144568308,512000000,10000,3,2026-09-04T09:52:24.669418Z
java,SIFT1M,"hnsw(M=16,efC=400,ef=64)","M=16,efC=400,ef=64",10,0.973760,98.619,124.500,425.748,144568308,512000000,10000,3,2026-09-04T09:52:27.737614Z
java,SIFT1M,"hnsw(M=16,efC=400,ef=128)","M=16,efC=400,ef=128",10,0.993630,178.054,226.000,425.748,144568308,512000000,10000,3,2026-09-04T09:52:33.261005Z
java,SIFT1M,"hnsw(M=16,efC=400,ef=256)","M=16,efC=400,ef=256",10,0.998590,320.531,414.500,425.748,144568308,512000000,10000,3,2026-09-04T09:52:43.238879Z
java,SIFT1M,"hnsw(M=16,efC=400,ef=512)","M=16,efC=400,ef=512",10,0.999380,573.812,749.666,425.748,144568308,512000000,10000,3,2026-09-04T09:53:01.017154Z
java,SIFT1M,"hnsw(M=32,efC=100,ef=16)","M=32,efC=100,ef=16",10,0.830820,37.367,53.959,125.682,272283268,512000000,10000,3,2026-09-04T09:55:08.094733Z
java,SIFT1M,"hnsw(M=32,efC=100,ef=32)","M=32,efC=100,ef=32",10,0.920160,60.576,82.875,125.682,272283268,512000000,10000,3,2026-09-04T09:55:09.982159Z
java,SIFT1M,"hnsw(M=32,efC=100,ef=64)","M=32,efC=100,ef=64",10,0.970110,103.559,139.250,125.682,272283268,512000000,10000,3,2026-09-04T09:55:13.211704Z
java,SIFT1M,"hnsw(M=32,efC=100,ef=128)","M=32,efC=100,ef=128",10,0.990420,182.998,246.291,125.682,272283268,512000000,10000,3,2026-09-04T09:55:18.901987Z
java,SIFT1M,"hnsw(M=32,efC=100,ef=256)","M=32,efC=100,ef=256",10,0.997510,325.955,441.125,125.682,272283268,512000000,10000,3,2026-09-04T09:55:29.019888Z
java,SIFT1M,"hnsw(M=32,efC=100,ef=512)","M=32,efC=100,ef=512",10,0.999100,579.859,787.084,125.682,272283268,512000000,10000,3,2026-09-04T09:55:47.038589Z
java,SIFT1M,"hnsw(M=32,efC=200,ef=16)","M=32,efC=200,ef=16",10,0.859160,43.252,61.500,260.289,272283268,512000000,10000,3,2026-09-04T10:00:08.928008Z
java,SIFT1M,"hnsw(M=32,efC=200,ef=32)","M=32,efC=200,ef=32",10,0.942210,70.190,95.000,260.289,272283268,512000000,10000,3,2026-09-04T10:00:11.116762Z
java,SIFT1M,"hnsw(M=32,efC=200,ef=64)","M=32,efC=200,ef=64",10,0.981420,121.463,163.250,260.289,272283268,512000000,10000,3,2026-09-04T10:00:14.898862Z
java,SIFT1M,"hnsw(M=32,efC=200,ef=128)","M=32,efC=200,ef=128",10,0.995300,214.214,289.792,260.289,272283268,512000000,10000,3,2026-09-04T10:00:21.553559Z
