query,recall,d1,dk,spread,orphan_neighbours
0,1.0000,0.7533,0.8158,1.0830,0
1,0.7000,0.8456,0.9042,1.0692,0
2,1.0000,0.6396,0.7122,1.1135,0
3,0.6000,0.9912,1.0287,1.0378,0
4,0.6000,1.2056,1.2647,1.0491,0
5,1.0000,0.7568,0.9440,1.2474,0
6,0.9000,1.3334,1.3784,1.0337,0
7,0.8000,1.2598,1.3856,1.0999,0
8,0.9000,1.1301,1.2377,1.0952,0
9,0.3000,0.9340,0.9808,1.0501,0
10,1.0000,0.4482,0.5088,1.1352,0
11,0.9000,0.4297,0.4666,1.0859,0
12,0.8000,0.9868,1.0754,1.0898,0
13,0.6000,1.5688,1.6577,1.0567,0
14,0.8000,1.0768,1.1389,1.0576,0
15,1.0000,0.8474,0.8969,1.0584,0
16,1.0000,0.3820,0.4092,1.0713,0
17,1.0000,1.0688,1.1513,1.0772,0
18,0.8000,1.2534,1.3436,1.0720,0
19,1.0000,0.7814,0.8436,1.0797,0
20,0.7000,0.8982,0.9359,1.0420,0
21,0.5000,1.2520,1.2772,1.0201,0
22,0.5000,1.6151,1.6785,1.0393,0
23,0.5000,1.0776,1.1188,1.0383,0
24,0.9000,1.0204,1.0938,1.0719,0
25,0.2000,1.3797,1.4860,1.0770,0
26,0.4000,1.4125,1.4702,1.0408,0
27,0.6000,1.0870,1.1616,1.0687,0
28,0.8000,1.0284,1.0556,1.0265,0
29,0.9000,0.7180,0.7792,1.0852,0
30,1.0000,0.8537,0.9860,1.1551,0
31,0.5000,1.0564,1.1085,1.0492,0
32,0.4000,1.0912,1.1316,1.0370,0
33,0.9000,1.0129,1.0722,1.0585,0
34,1.0000,1.0354,1.1164,1.0782,0
35,0.8000,0.9729,1.0432,1.0723,0
36,0.7000,1.5000,1.5497,1.0332,0
37,0.7000,1.0371,1.0701,1.0318,0
38,0.8000,1.1124,1.2005,1.0792,0
39,0.7000,1.3242,1.3552,1.0234,0
40,1.0000,0.7722,0.8348,1.0811,0
41,0.7000,1.2970,1.3366,1.0305,0
42,1.0000,0.9032,0.9308,1.0305,0
43,1.0000,0.9766,1.0150,1.0393,0
44,1.0000,0.8660,0.9263,1.0697,0
45,0.9000,0.7892,0.8473,1.0736,0
46,0.8000,0.9106,0.9356,1.0275,0
47,1.0000,0.7446,0.8051,1.0812,0
48,0.7000,1.0175,1.0748,1.0563,0
49,0.8000,1.0479,1.0838,1.0342,0
50,1.0000,0.9906,1.0223,1.0321,0
51,1.0000,1.0555,1.0984,1.0407,0
52,1.0000,1.0876,1.1699,1.0757,0
53,0.6000,1.4151,1.4733,1.0411,0
54,0.8000,1.6980,1.8187,1.0711,0
55,1.0000,1.1083,1.2173,1.0984,0
56,1.0000,0.8988,0.9919,1.1036,0
57,1.0000,0.9041,0.9565,1.0580,0
58,1.0000,0.7639,0.8088,1.0588,0
59,1.0000,1.0798,1.1795,1.0923,0
60,0.8000,1.0052,1.0519,1.0464,0
61,0.6000,1.0246,1.0546,1.0292,0
62,0.3000,1.2026,1.2294,1.0223,0
63,0.8000,0.1830,1.1572,6.3227,0
64,1.0000,1.3000,1.3523,1.0402,0
65,0.9000,1.0268,1.0752,1.0471,0
66,0.8000,1.1625,1.1894,1.0232,0
67,0.8000,1.3721,1.4152,1.0314,0
68,0.6000,1.2022,1.2277,1.0212,0
69,1.0000,0.9568,1.0776,1.1262,0
70,0.9000,1.0777,1.1264,1.0452,0
71,0.7000,1.3212,1.3507,1.0223,0
72,0.6000,1.1060,1.1496,1.0395,0
73,0.9000,0.8865,0.9213,1.0393,0
74,0.9000,0.9443,0.9697,1.0270,0
75,0.7000,0.8917,0.9272,1.0398,0
76,1.0000,0.9394,0.9909,1.0548,0
77,0.8000,0.8420,0.8713,1.0348,0
78,0.9000,0.9316,1.0862,1.1660,0
79,0.7000,1.1536,1.2157,1.0539,0
80,1.0000,0.0000,1.1114,1.0000,0
81,0.8000,1.2106,1.2656,1.0454,0
82,0.9000,0.9122,1.0402,1.1403,0
83,0.9000,1.1947,1.2763,1.0683,0
84,1.0000,0.8734,0.9689,1.1093,0
85,0.7000,1.0770,1.1152,1.0355,0
86,0.7000,0.9671,1.0094,1.0437,0
87,1.0000,0.7553,0.8539,1.1305,0
88,1.0000,0.9918,1.0507,1.0594,0
89,0.8000,1.0100,1.0830,1.0723,0
90,0.9000,0.9079,0.9738,1.0726,0
91,0.9000,1.1580,1.2009,1.0370,0
92,0.9000,0.9444,1.1311,1.1978,0
93,0.6000,1.1885,1.2746,1.0724,0
94,1.0000,0.9307,0.9643,1.0360,0
95,0.8000,0.8938,0.9501,1.0630,0
96,1.0000,0.7248,0.8445,1.1651,0
97,1.0000,0.6090,0.7533,1.2368,0
98,1.0000,0.9487,0.9994,1.0535,0
99,1.0000,0.0000,1.0495,1.0000,0
100,0.9000,0.8973,0.9417,1.0494,0
101,1.0000,1.1634,1.1929,1.0254,0
102,0.8000,1.3981,1.4290,1.0221,0
103,0.4000,1.1434,1.1933,1.0437,0
104,0.8000,1.0638,1.1195,1.0523,0
105,0.8000,1.2766,1.3693,1.0726,0
106,0.5000,1.1176,1.1788,1.0548,0
107,1.0000,0.5128,0.5818,1.1344,0
108,0.6000,1.0460,1.0978,1.0496,0
109,0.9000,0.8962,1.0250,1.1437,0
110,1.0000,1.0273,1.0779,1.0492,0
111,1.0000,0.8231,0.8696,1.0565,0
112,0.8000,1.3646,1.4344,1.0512,0
113,1.0000,1.0679,1.4069,1.3175,0
114,0.4000,1.1286,1.1764,1.0424,0
115,0.8000,0.9178,1.0096,1.1000,0
116,0.9000,1.1875,1.6248,1.3683,0
117,0.8000,1.1251,1.1749,1.0442,0
118,1.0000,0.8446,0.9119,1.0797,0
119,0.9000,1.0191,1.0544,1.0347,0
120,0.8000,1.2760,1.2981,1.0173,0
121,0.5000,1.0117,1.0371,1.0251,0
122,1.0000,0.8461,0.9223,1.0900,0
123,0.9000,0.9002,1.0007,1.1117,0
124,0.8000,1.1494,1.1930,1.0379,0
125,1.0000,1.0158,1.0791,1.0623,0
126,0.6000,1.1894,1.2261,1.0309,0
127,0.9000,0.1699,1.0871,6.3969,0
128,0.9000,0.0000,0.8756,1.0000,0
129,0.7000,0.7396,0.7662,1.0359,0
130,0.6000,1.3143,1.5655,1.1911,0
131,0.4000,1.1118,1.1283,1.0149,0
132,1.0000,1.2479,1.4146,1.1336,0
133,1.0000,1.0633,1.1174,1.0509,0
134,0.6000,0.2569,1.5507,6.0366,0
135,1.0000,1.2712,1.3123,1.0323,0
136,1.0000,0.8794,0.9165,1.0422,0
137,1.0000,0.9257,0.9743,1.0525,0
138,0.9000,1.0944,1.1381,1.0400,0
139,0.9000,1.1489,1.2049,1.0487,0
140,0.8000,0.8962,0.9655,1.0773,0
141,1.0000,0.7885,0.8256,1.0470,0
142,0.9000,0.8499,0.8994,1.0582,0
143,0.8000,1.2422,1.2769,1.0279,0
144,0.8000,1.0707,1.1158,1.0421,0
145,0.8000,1.1963,1.2506,1.0453,0
146,0.8000,1.0581,1.1489,1.0858,0
147,1.0000,0.8189,0.9113,1.1128,0
148,0.8000,1.2429,1.2870,1.0355,0
149,1.0000,0.7173,0.7826,1.0909,0
150,0.8000,1.0771,1.1220,1.0417,0
151,1.0000,0.3340,0.3495,1.0464,0
152,0.7000,0.8173,0.8533,1.0440,0
153,1.0000,0.6808,0.7031,1.0327,0
154,0.6000,1.0687,1.1333,1.0605,0
155,1.0000,0.5443,0.5907,1.0852,0
156,0.9000,1.0019,1.0441,1.0421,0
157,1.0000,0.9521,1.0048,1.0553,0
158,0.9000,1.6857,1.8076,1.0723,0
159,0.7000,1.4121,1.4857,1.0521,0
160,1.0000,0.3596,0.4038,1.1230,0
161,0.9000,0.7066,0.7764,1.0989,0
162,1.0000,1.0162,1.0668,1.0499,0
163,0.9000,0.7709,0.8165,1.0591,0
164,0.9000,0.7997,0.9149,1.1441,0
165,1.0000,1.0061,1.0533,1.0469,0
166,0.6000,1.1801,1.2407,1.0513,0
167,0.9000,1.8662,1.9795,1.0607,0
168,0.8000,0.8853,1.0168,1.1485,0
169,0.7000,1.2505,1.2792,1.0230,0
170,0.6000,1.0314,1.0586,1.0264,0
171,0.8000,1.1386,1.1915,1.0465,0
172,0.5000,0.9890,1.0306,1.0421,0
173,1.0000,0.9737,1.0128,1.0402,0
174,1.0000,0.9303,0.9593,1.0311,0
175,1.0000,0.3338,0.3487,1.0446,0
176,0.3000,1.1604,1.1969,1.0315,0
177,0.6000,1.2226,1.2669,1.0363,0
178,1.0000,0.8468,0.8785,1.0374,0
179,1.0000,0.9007,0.9542,1.0595,0
180,0.6000,1.3048,1.3399,1.0269,0
181,0.2000,1.2904,1.3300,1.0307,0
182,1.0000,0.8615,0.9267,1.0757,0
183,0.5000,1.1518,1.1801,1.0246,0
184,0.4000,1.1768,1.2323,1.0472,0
185,0.5000,0.1645,1.4253,8.6643,0
186,0.8000,1.0785,1.1393,1.0564,0
187,0.6000,0.9356,0.9682,1.0348,0
188,0.7000,0.8134,0.8918,1.0964,0
189,0.9000,0.5713,0.6278,1.0989,0
190,0.8000,0.5408,0.5641,1.0431,0
191,0.6000,0.9519,0.9950,1.0453,0
192,0.9000,0.9786,1.0227,1.0450,0
193,0.8000,1.2181,1.2927,1.0612,0
194,0.6000,0.6627,0.6802,1.0264,0
195,0.9000,1.0731,1.1170,1.0409,0
196,0.8000,1.0387,1.0827,1.0424,0
197,0.9000,1.6806,1.7350,1.0323,0
198,0.7000,1.2372,1.3332,1.0776,0
199,0.6000,1.2682,1.2884,1.0160,0
200,0.7000,1.0200,1.0760,1.0549,0
201,0.9000,1.2949,1.3178,1.0177,0
202,0.6000,1.2492,1.2920,1.0343,0
203,0.6000,0.9036,0.9395,1.0398,0
204,0.9000,0.7854,0.8035,1.0230,0
205,1.0000,0.8273,0.8917,1.0779,0
206,0.4000,1.1801,1.2151,1.0297,0
207,0.1000,1.3424,1.3926,1.0374,0
208,0.5000,1.3236,1.3725,1.0369,0
209,0.8000,1.0495,1.1497,1.0954,0
210,0.7000,1.0926,1.1216,1.0265,0
211,0.5000,1.0776,1.1094,1.0296,0
212,0.8000,0.9716,1.0368,1.0670,0
213,0.4000,0.9833,1.0312,1.0487,0
214,0.5000,1.2692,1.3415,1.0570,0
215,0.8000,1.1048,1.1788,1.0670,0
216,0.7000,1.2773,1.2968,1.0153,0
217,0.7000,1.2465,1.2901,1.0350,0
218,0.7000,1.3095,1.3367,1.0207,0
219,0.9000,1.2945,1.3607,1.0511,0
220,0.8000,0.9901,1.0168,1.0270,0
221,0.5000,0.9925,1.0254,1.0331,0
222,0.4000,1.1040,1.1609,1.0516,0
223,0.7000,1.1166,1.1443,1.0248,0
224,0.8000,0.8782,0.9185,1.0460,0
225,0.6000,1.1879,1.2185,1.0258,0
226,0.8000,1.3136,1.3636,1.0381,0
227,0.6000,1.2651,1.2918,1.0211,0
228,0.5000,1.0617,1.1163,1.0514,0
229,0.9000,1.0520,1.1331,1.0771,0
230,0.8000,1.1119,1.1535,1.0374,0
231,0.7000,1.1265,1.1562,1.0264,0
232,0.8000,1.1230,1.1982,1.0670,0
233,0.9000,0.9812,1.0180,1.0375,0
234,0.9000,1.1727,1.2116,1.0332,0
235,0.8000,1.4147,1.4460,1.0221,0
236,0.7000,1.0754,1.1626,1.0810,0
237,0.6000,1.0266,1.0912,1.0629,0
238,0.9000,1.0673,1.1179,1.0475,0
239,0.7000,1.2548,1.3067,1.0414,0
240,0.8000,0.9586,1.0149,1.0587,0
241,0.7000,1.1187,1.1401,1.0191,0
242,0.7000,1.0926,1.1216,1.0265,0
243,0.8000,1.3263,1.3557,1.0222,0
244,1.0000,0.9807,0.9924,1.0120,0
245,0.4000,1.3796,1.4268,1.0342,0
246,1.0000,0.9962,1.0511,1.0552,0
247,0.7000,1.3095,1.3367,1.0207,0
248,0.3000,1.0909,1.1521,1.0561,1
249,0.8000,1.2457,1.2828,1.0298,0
250,0.8000,0.8986,0.9322,1.0374,0
251,0.6000,1.0774,1.1602,1.0768,0
252,0.7000,0.9329,1.0447,1.1198,0
253,0.7000,1.0822,1.1331,1.0471,0
254,0.7000,1.0346,1.0631,1.0275,0
255,1.0000,0.8945,0.9712,1.0857,0
256,0.5000,1.1586,1.1802,1.0186,0
257,0.5000,0.8982,0.9723,1.0825,0
258,0.9000,1.0312,1.0681,1.0358,0
259,0.9000,1.1071,1.1474,1.0364,0
260,0.3000,1.5305,1.5934,1.0411,0
261,0.7000,1.1995,1.2195,1.0167,0
262,0.7000,0.6093,1.4531,2.3847,0
263,1.0000,0.8115,0.8441,1.0401,0
264,0.7000,0.9158,0.9533,1.0410,0
265,0.7000,1.0815,1.1384,1.0527,0
266,0.9000,0.9223,0.9425,1.0219,0
267,0.8000,1.0575,1.1411,1.0790,0
268,0.8000,0.9966,1.0365,1.0401,0
269,0.6000,1.0905,1.1827,1.0845,0
270,1.0000,0.0000,0.9929,1.0000,0
271,0.9000,1.2271,1.2768,1.0406,0
272,0.9000,1.0347,1.1009,1.0641,0
273,0.9000,0.7398,0.8098,1.0947,0
274,1.0000,0.0000,0.7193,1.0000,0
275,1.0000,0.0000,1.1366,1.0000,0
276,1.0000,1.2657,1.3217,1.0443,0
277,0.8000,1.4314,1.5323,1.0705,0
278,0.8000,0.9865,1.0440,1.0583,0
279,0.7000,1.7279,1.9081,1.1043,0
280,0.8000,0.7099,0.7440,1.0480,0
281,1.0000,0.4426,0.4552,1.0286,0
282,0.5000,0.9019,0.9306,1.0317,0
283,1.0000,0.0000,1.0601,1.0000,0
284,1.0000,0.0000,0.8385,1.0000,0
285,0.6000,1.3469,1.3794,1.0241,0
286,0.9000,0.8467,0.9079,1.0723,0
287,1.0000,0.6952,0.7640,1.0989,0
288,0.8000,1.1214,1.1869,1.0585,0
289,0.9000,1.0666,1.1415,1.0702,0
290,0.3000,1.2328,1.2800,1.0383,0
291,0.5000,0.9603,0.9804,1.0209,0
292,0.6000,1.0999,1.1611,1.0556,0
293,0.8000,1.1488,1.2094,1.0528,0
294,1.0000,0.0000,1.1090,1.0000,0
295,0.7000,1.1885,1.2378,1.0415,0
296,1.0000,1.3720,1.4584,1.0630,0
297,0.7000,0.8047,0.9429,1.1718,0
298,0.3000,1.2337,1.2817,1.0389,0
299,0.8000,1.2162,1.2455,1.0240,0
300,0.9000,0.8291,0.8876,1.0705,0
301,1.0000,1.0490,1.1401,1.0869,0
302,0.5000,1.3617,1.4126,1.0374,0
303,1.0000,0.9049,1.0727,1.1855,0
304,0.9000,1.2284,1.3092,1.0658,0
305,0.7000,1.2086,1.3201,1.0922,0
306,0.6000,0.9824,1.0179,1.0362,0
307,0.2000,1.5387,1.5794,1.0265,0
308,1.0000,0.8493,0.8994,1.0590,0
309,0.6000,1.8225,1.8722,1.0273,1
310,0.9000,0.8559,0.8854,1.0345,0
311,0.6000,1.0448,1.1009,1.0537,0
312,0.5000,1.4531,1.5084,1.0380,0
313,0.9000,1.4294,1.4626,1.0232,0
314,0.8000,1.2021,1.3067,1.0870,0
315,0.7000,1.0572,1.1067,1.0468,0
316,1.0000,0.8394,0.9448,1.1255,0
317,0.9000,0.8832,0.9284,1.0511,0
318,0.9000,0.8104,0.8651,1.0675,0
319,0.6000,1.1464,1.2248,1.0684,0
320,0.6000,1.1702,1.2437,1.0628,0
321,0.6000,1.1908,1.2430,1.0438,0
322,1.0000,1.1049,1.1420,1.0336,0
323,0.8000,1.0283,1.1024,1.0721,0
324,0.5000,1.4805,1.5745,1.0635,0
325,0.8000,1.0825,1.1885,1.0979,0
326,1.0000,0.0895,0.9725,10.8675,0
327,1.0000,0.8919,1.0233,1.1473,0
328,1.0000,0.9044,0.9452,1.0450,0
329,0.5000,1.4127,1.4716,1.0417,0
330,0.2000,1.1706,1.2028,1.0275,0
331,0.9000,0.6852,0.7411,1.0816,0
332,0.9000,0.4872,0.5144,1.0559,0
333,1.0000,0.2386,0.6587,2.7606,0
334,0.8000,1.2435,1.2982,1.0440,0
335,1.0000,0.3409,0.3493,1.0247,0
336,0.8000,0.7661,0.8516,1.1117,0
337,1.0000,1.2099,1.3373,1.1053,0
338,1.0000,0.4847,0.5146,1.0617,0
339,0.5000,1.1822,1.1987,1.0139,0
340,1.0000,0.9826,1.0452,1.0637,0
341,0.8000,0.6403,0.6757,1.0553,0
342,1.0000,0.9981,1.0481,1.0500,0
343,0.6000,1.3504,1.3946,1.0328,0
344,0.9000,1.0997,1.1556,1.0508,0
345,0.6000,1.7134,1.7993,1.0501,0
346,0.9000,1.3335,1.3905,1.0428,0
347,0.6000,1.8089,1.8909,1.0453,0
348,0.8000,1.2068,1.2488,1.0349,0
349,1.0000,0.7739,0.8216,1.0617,0
350,0.4000,1.4715,1.5042,1.0222,0
351,0.4000,1.4224,1.4838,1.0432,0
352,1.0000,0.5684,0.5955,1.0477,0
353,0.9000,1.5471,1.5880,1.0265,0
354,0.9000,1.4226,1.5021,1.0559,0
355,1.0000,0.6367,0.6817,1.0707,0
356,1.0000,0.7084,0.7423,1.0479,0
357,0.7000,0.9478,1.0406,1.0979,0
358,1.0000,1.1533,1.2873,1.1162,0
359,0.9000,1.3306,1.4199,1.0672,0
360,0.9000,0.5609,0.5748,1.0247,0
361,0.9000,0.9348,0.9748,1.0428,0
362,1.0000,0.5217,0.5869,1.1250,0
363,1.0000,0.2704,1.9818,7.3290,0
364,0.9000,1.0423,1.0935,1.0491,0
365,0.9000,0.3879,0.3990,1.0286,0
366,1.0000,0.6012,0.6542,1.0880,0
367,1.0000,0.4435,0.4599,1.0368,0
368,1.0000,0.7308,0.7499,1.0261,0
369,0.9000,0.9737,1.0164,1.0438,0
370,0.6000,0.5931,0.6157,1.0382,0
371,0.5000,1.6529,1.7190,1.0400,0
372,0.8000,0.8647,0.9199,1.0638,0
373,1.0000,0.5246,0.5777,1.1013,0
374,0.7000,1.5524,1.6268,1.0479,0
375,0.5000,1.0576,1.1432,1.0810,0
376,1.0000,0.4186,0.4483,1.0709,0
377,1.0000,0.7979,0.8462,1.0605,0
378,0.9000,0.8965,0.9787,1.0917,0
379,0.9000,0.7373,0.7590,1.0295,0
380,1.0000,0.3099,1.3268,4.2808,0
381,0.6000,1.0867,1.1319,1.0416,0
382,0.9000,0.9986,1.0466,1.0480,0
383,0.7000,1.7297,1.8107,1.0468,0
384,0.5000,1.8023,1.9338,1.0730,0
385,0.7000,1.0888,1.1228,1.0312,0
386,1.0000,0.4145,0.4358,1.0513,0
387,1.0000,1.3864,1.8088,1.3047,0
388,0.8000,1.2117,1.2787,1.0553,0
389,1.0000,0.9089,0.9584,1.0544,0
390,0.8000,1.1942,1.2300,1.0300,0
391,0.6000,1.2186,1.2607,1.0345,0
392,0.8000,1.1287,1.1608,1.0284,0
393,0.4000,0.9817,1.0180,1.0370,0
394,0.7000,1.1468,1.2022,1.0483,0
395,0.9000,0.9150,0.9749,1.0655,0
396,0.8000,1.3541,1.3861,1.0237,0
397,0.6000,1.7818,1.8320,1.0281,0
398,0.4000,1.1318,1.3126,1.1598,0
399,0.5000,1.3096,1.3529,1.0331,0
400,0.8000,1.1402,1.2179,1.0681,0
401,0.7000,1.2818,1.3071,1.0198,0
402,0.9000,1.5100,1.6120,1.0675,0
403,0.3000,1.1082,1.1423,1.0308,0
404,0.7000,0.9711,1.0151,1.0453,0
405,0.8000,1.1828,1.2390,1.0475,0
406,0.7000,1.1328,1.1496,1.0148,0
407,0.8000,0.8232,0.8776,1.0661,0
408,0.5000,1.1856,1.2253,1.0335,0
409,0.6000,1.4568,1.4871,1.0208,0
410,0.2000,1.2480,1.2794,1.0251,0
411,0.4000,1.3740,1.4238,1.0362,0
412,0.9000,1.1276,1.2002,1.0644,0
413,0.7000,1.2778,1.3095,1.0248,0
414,0.6000,0.3749,1.2305,3.2820,1
415,1.0000,0.9351,0.9797,1.0478,0
416,0.6000,1.2090,1.2341,1.0208,0
417,0.3000,0.2263,1.3331,5.8897,0
418,0.7000,1.1016,1.1449,1.0393,0
419,0.7000,1.2602,1.3113,1.0405,0
420,0.5000,1.3164,1.3545,1.0289,1
421,0.9000,1.3193,1.4789,1.1210,0
422,0.8000,0.8429,0.8899,1.0557,0
423,0.5000,1.1123,1.1478,1.0319,0
424,1.0000,0.9068,0.9628,1.0618,0
425,0.4000,1.0755,1.0970,1.0199,0
426,1.0000,0.7700,0.8483,1.1017,0
427,0.7000,0.8971,0.9375,1.0450,0
428,0.8000,1.0199,1.0358,1.0156,0
429,0.9000,1.0453,1.1039,1.0560,0
430,0.6000,1.0382,1.0935,1.0532,0
431,0.7000,1.2685,1.3956,1.1002,0
432,0.2000,1.4872,1.5346,1.0319,0
433,0.7000,2.4110,2.5696,1.0658,0
434,0.8000,0.8726,0.8973,1.0283,0
435,0.5000,1.8895,2.0277,1.0731,0
436,0.3000,0.9398,0.9719,1.0341,0
437,1.0000,0.5804,0.6187,1.0659,0
438,0.9000,1.3073,1.3323,1.0191,0
439,0.3000,1.6757,1.7423,1.0397,1
440,0.4000,1.0718,1.1051,1.0310,0
441,1.0000,1.3451,1.4050,1.0445,0
442,0.6000,1.2908,1.3307,1.0309,0
443,0.7000,1.1424,1.1808,1.0336,0
444,0.9000,1.1932,1.2787,1.0717,0
445,0.4000,1.0604,1.1157,1.0522,0
446,0.6000,1.2749,1.3382,1.0497,0
447,0.7000,1.3086,1.3483,1.0304,0
448,0.3000,1.2564,1.3135,1.0454,0
449,1.0000,1.3169,1.3965,1.0604,0
450,1.0000,0.7476,0.7671,1.0261,0
451,1.0000,0.7480,0.7660,1.0241,0
452,0.8000,0.8355,0.8728,1.0446,0
453,1.0000,0.7286,0.7808,1.0717,0
454,0.5000,1.2205,1.2544,1.0278,0
455,0.8000,0.9909,1.0242,1.0336,0
456,0.3000,1.2237,1.2752,1.0421,0
457,0.6000,1.0623,1.1266,1.0606,0
458,0.6000,0.8561,0.9175,1.0718,0
459,0.9000,0.9703,1.0470,1.0790,0
460,0.9000,1.4033,1.4424,1.0279,0
461,1.0000,1.3297,1.4231,1.0702,0
462,1.0000,0.9367,0.9873,1.0541,0
463,0.6000,1.1031,1.1273,1.0220,0
464,1.0000,1.6129,1.7328,1.0744,0
465,0.8000,1.2581,1.3352,1.0613,0
466,0.9000,2.0114,2.0843,1.0363,0
467,0.9000,1.1084,1.2014,1.0839,0
468,0.6000,1.2354,1.2891,1.0435,0
469,1.0000,0.6351,0.6471,1.0189,0
470,0.6000,1.2246,1.3283,1.0846,0
471,1.0000,0.9024,0.9745,1.0798,0
472,0.9000,1.4264,1.4496,1.0163,0
473,0.7000,0.9992,1.0350,1.0359,0
474,0.6000,1.4744,1.5345,1.0408,0
475,0.9000,0.9677,1.0447,1.0795,0
476,0.6000,1.1119,1.1387,1.0241,0
477,0.4000,1.4221,1.4558,1.0237,0
478,0.8000,1.1095,1.1651,1.0501,0
479,0.8000,0.9303,0.9956,1.0702,0
480,1.0000,0.7342,0.7503,1.0220,0
481,1.0000,0.7528,0.7638,1.0146,0
482,0.8000,1.2037,1.2672,1.0528,0
483,0.8000,0.9930,1.0322,1.0395,0
484,1.0000,0.5167,0.5527,1.0697,0
485,1.0000,0.2566,0.3153,1.2287,0
486,1.0000,0.3275,0.3447,1.0525,0
487,0.3000,1.6363,1.6899,1.0328,0
488,0.5000,1.1128,1.1726,1.0537,0
489,1.0000,0.9662,1.0553,1.0923,0
490,0.7000,1.0690,1.1035,1.0323,0
491,0.7000,1.0912,1.1322,1.0376,0
492,0.8000,1.0705,1.0979,1.0256,0
493,0.7000,1.3236,1.3729,1.0372,0
494,1.0000,1.2536,1.3060,1.0418,0
495,0.9000,0.8514,0.9553,1.1221,0
496,1.0000,0.3279,0.3996,1.2186,0
497,1.0000,0.7361,0.8487,1.1531,0
498,0.3000,1.3948,1.4482,1.0383,1
499,1.0000,1.2199,1.3121,1.0756,0
500,1.0000,0.2609,0.2834,1.0859,0
501,1.0000,0.8206,0.8438,1.0283,0
502,0.5000,1.3195,1.4061,1.0656,0
503,0.9000,1.2177,1.3024,1.0696,0
504,0.6000,1.2547,1.3553,1.0802,0
505,0.5000,1.2074,1.2516,1.0366,0
506,0.3000,1.1573,1.1825,1.0218,0
507,0.6000,1.0251,1.0914,1.0647,0
508,1.0000,1.8469,1.9941,1.0797,0
509,1.0000,0.6255,0.6990,1.1174,0
510,0.6000,1.1437,1.1791,1.0309,0
511,0.3000,1.4151,1.4557,1.0287,0
512,1.0000,1.5052,1.6244,1.0792,0
513,0.7000,0.7592,0.8184,1.0778,0
514,0.7000,1.2245,1.2928,1.0557,0
515,0.8000,1.1462,1.1816,1.0309,0
516,1.0000,0.2637,0.2930,1.1111,0
517,1.0000,0.3149,0.3420,1.0862,0
518,1.0000,0.9765,1.0657,1.0913,0
519,0.7000,1.4195,1.4681,1.0342,0
520,0.9000,1.1068,1.1403,1.0303,0
521,1.0000,0.3142,0.3655,1.1634,0
522,0.6000,1.3989,1.4496,1.0362,0
523,0.8000,0.9042,0.9212,1.0188,0
524,0.5000,1.4364,1.4969,1.0421,0
525,0.4000,1.0811,1.1269,1.0424,0
526,0.8000,1.1587,1.2249,1.0571,0
527,0.4000,1.2103,1.2914,1.0670,0
528,0.8000,1.2169,1.3006,1.0687,0
529,0.6000,1.2078,1.2557,1.0397,0
530,1.0000,1.1132,1.2146,1.0911,0
531,0.9000,0.7353,0.7498,1.0197,0
532,0.9000,0.4385,0.4657,1.0619,0
533,0.8000,1.0384,1.0740,1.0343,0
534,0.8000,0.9800,1.0089,1.0295,0
535,0.2000,1.1237,1.1954,1.0638,0
536,1.0000,0.5889,0.6467,1.0982,0
537,0.6000,0.9723,1.0241,1.0533,0
538,0.9000,0.8400,0.8637,1.0282,0
539,0.8000,1.1488,1.1860,1.0324,0
540,0.8000,1.1382,1.2082,1.0615,0
541,0.7000,1.3259,1.3610,1.0265,0
542,0.9000,1.0865,1.1611,1.0687,0
543,0.7000,1.1226,1.1940,1.0636,0
544,0.9000,0.8184,0.8470,1.0350,0
545,0.7000,1.2484,1.2913,1.0344,0
546,0.4000,1.2348,1.2813,1.0376,0
547,0.8000,1.0874,1.1296,1.0388,0
548,0.8000,0.9060,0.9460,1.0441,0
549,0.6000,1.1241,1.1429,1.0167,0
550,0.7000,1.1629,1.1935,1.0263,0
551,0.8000,0.7229,0.7943,1.0987,0
552,0.3000,1.4145,1.4510,1.0258,0
553,0.7000,1.0862,1.1215,1.0326,0
554,0.9000,0.9546,0.9773,1.0239,0
555,0.6000,0.9275,0.9704,1.0462,0
556,1.0000,0.6407,0.6707,1.0468,0
557,0.8000,1.1357,1.1780,1.0372,0
558,0.6000,1.0430,1.1220,1.0758,0
559,0.9000,0.7883,0.8267,1.0487,0
560,0.6000,1.0919,1.1191,1.0249,0
561,0.6000,0.9937,1.0213,1.0278,0
562,0.8000,1.0239,1.0517,1.0272,0
563,0.7000,1.5310,1.5577,1.0174,0
564,0.6000,1.0472,1.1233,1.0726,0
565,0.6000,0.9543,1.0117,1.0601,0
566,0.8000,0.8390,0.8848,1.0546,0
567,0.9000,1.1308,1.1899,1.0522,0
568,0.9000,0.5703,0.6013,1.0542,0
569,0.6000,1.0420,1.0979,1.0536,0
570,0.6000,0.8159,0.8503,1.0422,0
571,1.0000,0.5871,0.6242,1.0633,0
572,0.8000,1.1757,1.2853,1.0932,0
573,0.6000,0.4811,0.5015,1.0424,0
574,0.6000,0.8846,0.9415,1.0643,0
575,0.7000,1.0902,1.1322,1.0386,0
576,1.0000,0.8957,0.9625,1.0745,0
577,0.6000,1.2121,1.2435,1.0259,0
578,0.8000,1.1019,1.1459,1.0399,0
579,0.9000,1.1091,1.1766,1.0609,0
580,1.0000,0.3166,0.3478,1.0986,0
581,0.8000,1.0587,1.0855,1.0253,0
582,0.4000,1.2894,1.3562,1.0518,0
583,0.2000,1.5567,1.6353,1.0505,1
584,0.6000,1.0846,1.1169,1.0298,0
585,0.1000,1.5590,1.6506,1.0587,0
586,0.9000,1.5608,1.6055,1.0286,0
587,1.0000,0.9852,1.0030,1.0181,0
588,0.9000,1.0652,1.1003,1.0329,0
589,0.3000,1.7225,1.7478,1.0147,1
590,1.0000,0.8034,0.8639,1.0753,0
591,1.0000,1.1597,1.2061,1.0400,0
592,0.8000,1.5176,1.5805,1.0415,0
593,0.6000,1.4410,1.5040,1.0437,0
594,1.0000,1.4080,1.5062,1.0697,0
595,0.9000,0.8854,0.9326,1.0533,0
596,1.0000,1.3441,1.4799,1.1011,0
597,1.0000,1.1774,1.2340,1.0482,0
598,1.0000,1.0164,1.1078,1.0899,0
599,0.7000,1.0798,1.1812,1.0939,0
600,0.5000,1.1933,1.3116,1.0991,0
601,1.0000,1.2681,1.3592,1.0719,0
602,1.0000,0.9605,1.0717,1.1158,0
603,1.0000,1.2391,1.3005,1.0495,0
604,0.9000,1.1861,1.2577,1.0604,0
605,1.0000,0.4986,0.5362,1.0754,0
606,0.5000,1.2415,1.2956,1.0435,0
607,0.9000,1.0562,1.0981,1.0397,0
608,1.0000,0.8993,0.9556,1.0627,0
609,0.9000,1.0543,1.0803,1.0246,0
610,0.8000,1.0697,1.1377,1.0636,0
611,1.0000,0.9963,1.0459,1.0498,0
612,1.0000,0.8599,0.8855,1.0298,0
613,0.8000,1.1503,1.2659,1.1005,0
614,0.3000,1.1661,1.2166,1.0433,0
615,0.9000,1.1729,1.2625,1.0763,0
616,0.6000,0.9807,1.0362,1.0565,0
617,1.0000,1.0402,1.1076,1.0648,0
618,0.8000,1.2000,1.2292,1.0243,0
619,0.6000,1.0519,1.0966,1.0425,0
620,0.7000,1.0235,1.0771,1.0523,0
621,0.9000,1.8857,1.9494,1.0338,0
622,0.8000,0.8993,0.9747,1.0839,0
623,1.0000,0.9418,0.9922,1.0535,0
624,1.0000,0.9822,1.1299,1.1503,0
625,0.7000,1.2974,1.3645,1.0517,0
626,0.9000,0.9061,1.0550,1.1643,0
627,0.9000,0.9480,1.0026,1.0576,0
628,0.4000,1.0638,1.1176,1.0505,0
629,1.0000,0.9231,1.0252,1.1106,0
630,0.8000,1.4532,1.4909,1.0259,0
631,1.0000,1.1271,1.1845,1.0510,0
632,0.7000,1.1670,1.2318,1.0555,0
633,0.4000,0.9191,0.9499,1.0336,0
634,0.2000,1.4203,1.4574,1.0261,0
635,0.5000,1.2569,1.2886,1.0252,0
636,0.7000,1.4498,1.5322,1.0568,0
637,0.5000,1.2905,1.3216,1.0241,0
638,0.8000,1.1305,1.1814,1.0451,0
639,1.0000,0.6088,0.6483,1.0650,0
640,0.8000,1.1845,1.2847,1.0846,0
641,0.7000,1.1637,1.2184,1.0469,0
642,0.3000,1.4781,1.5443,1.0448,0
643,0.8000,1.2444,1.2791,1.0279,0
644,0.6000,1.5280,1.6393,1.0728,0
645,0.7000,0.7651,0.8314,1.0866,0
646,0.7000,1.5377,1.5731,1.0231,0
647,0.9000,1.4458,1.5223,1.0529,0
648,0.6000,1.4955,1.5457,1.0336,0
649,0.9000,1.4512,1.5323,1.0558,0
650,0.2000,1.2596,1.3047,1.0358,0
651,0.6000,1.5564,1.6165,1.0386,0
652,1.0000,1.4002,1.4539,1.0383,0
653,0.8000,1.2431,1.3153,1.0581,0
654,0.4000,1.5305,1.5917,1.0400,0
655,0.5000,1.3780,1.3851,1.0051,0
656,0.9000,1.0398,1.1153,1.0726,0
657,0.7000,1.2387,1.3162,1.0625,0
658,1.0000,1.2675,1.2997,1.0254,0
659,0.7000,1.0414,1.1052,1.0613,0
660,0.8000,1.1905,1.2519,1.0516,0
661,0.9000,1.2759,1.3276,1.0405,0
662,0.6000,1.3193,1.3870,1.0513,0
663,1.0000,0.9941,1.1292,1.1359,0
664,1.0000,0.7236,0.7663,1.0589,0
665,1.0000,0.9990,1.0363,1.0374,0
666,0.9000,1.1058,1.1671,1.0554,0
667,0.9000,0.5279,0.5773,1.0936,0
668,1.0000,0.5585,0.6153,1.1017,0
669,0.8000,1.0442,1.0845,1.0387,0
670,0.9000,1.1738,1.2881,1.0975,0
671,1.0000,1.1412,1.2920,1.1321,0
672,0.9000,1.3749,1.4286,1.0391,0
673,0.8000,1.1615,1.1872,1.0221,0
674,1.0000,0.8716,0.8991,1.0315,0
675,1.0000,0.9572,1.0175,1.0629,0
676,1.0000,0.1630,1.0653,6.5377,0
677,1.0000,0.7603,0.8123,1.0684,0
678,0.7000,0.9726,1.0134,1.0420,0
679,0.7000,0.8662,0.9197,1.0618,0
680,0.6000,1.6235,1.6638,1.0248,0
681,0.8000,1.1497,1.1774,1.0241,0
682,0.5000,1.4046,1.4762,1.0510,0
683,1.0000,0.6411,0.7156,1.1161,0
684,0.7000,0.8506,0.8946,1.0518,0
685,0.7000,0.8573,0.8921,1.0405,0
686,0.8000,0.6969,0.7659,1.0990,0
687,1.0000,1.2130,1.3152,1.0843,0
688,0.7000,1.1335,1.1610,1.0243,0
689,1.0000,1.0985,1.1642,1.0598,0
690,1.0000,0.3325,1.1516,3.4634,0
691,0.6000,1.0531,1.0881,1.0333,0
692,0.5000,0.1061,1.0086,9.5031,0
693,0.5000,1.1687,1.2057,1.0317,0
694,0.5000,0.1688,1.0009,5.9301,0
695,1.0000,1.0482,1.1211,1.0696,0
696,1.0000,1.2552,1.3142,1.0470,0
697,0.4000,1.1171,1.1759,1.0526,0
698,0.6000,1.1183,1.1761,1.0518,0
699,0.8000,0.8626,0.8761,1.0157,0
700,0.8000,1.3542,1.4148,1.0447,0
701,0.6000,1.1717,1.2201,1.0413,0
702,1.0000,0.2094,1.3066,6.2404,0
703,0.5000,1.0017,1.0478,1.0460,0
704,0.6000,0.9886,1.0377,1.0497,0
705,0.6000,1.0895,1.1245,1.0322,0
706,0.9000,1.1352,1.1686,1.0295,0
707,0.8000,0.0000,1.2282,1.0000,0
708,0.4000,0.0000,1.2983,1.0000,0
709,0.9000,0.0000,0.9173,1.0000,0
710,1.0000,0.0000,1.0704,1.0000,0
711,1.0000,0.0000,1.1769,1.0000,0
712,0.4000,1.2726,1.3061,1.0264,0
713,0.8000,1.2968,1.3492,1.0404,0
714,0.7000,1.1871,1.2410,1.0454,0
715,0.5000,1.4745,1.5013,1.0182,0
716,0.9000,1.2040,1.2622,1.0483,0
717,0.8000,1.1348,1.1958,1.0538,0
718,0.9000,0.8301,0.8738,1.0527,0
719,0.8000,0.9439,0.9751,1.0330,0
720,0.7000,1.0054,1.0572,1.0515,0
721,0.8000,0.9382,0.9791,1.0436,0
722,1.0000,1.6552,1.7204,1.0394,0
723,1.0000,0.7066,0.7494,1.0605,0
724,1.0000,0.7633,0.7929,1.0388,0
725,0.7000,1.7244,1.8285,1.0604,0
726,0.7000,1.4262,1.5032,1.0540,0
727,0.9000,0.8428,0.8900,1.0560,0
728,1.0000,0.3391,0.3626,1.0695,0
729,1.0000,1.5153,1.6219,1.0703,0
730,0.7000,1.4354,1.4963,1.0425,0
731,0.9000,0.7689,0.7914,1.0293,0
732,0.7000,1.2189,1.2427,1.0195,0
733,0.6000,1.1723,1.2670,1.0808,0
734,0.7000,1.0863,1.1467,1.0556,0
735,0.7000,1.1133,1.1744,1.0549,0
736,1.0000,0.7957,0.8435,1.0601,0
737,0.7000,0.6779,0.7691,1.1345,0
738,0.9000,1.1503,1.2169,1.0578,0
739,1.0000,0.4505,0.4943,1.0973,0
740,1.0000,0.9888,1.0205,1.0321,0
741,0.8000,1.1384,1.2140,1.0664,0
742,0.8000,1.2553,1.3059,1.0403,0
743,0.8000,1.0837,1.1307,1.0434,0
744,0.7000,0.9527,1.0022,1.0520,0
745,0.7000,0.9441,0.9644,1.0215,0
746,0.8000,0.8309,0.8612,1.0364,0
747,0.9000,1.1596,1.2326,1.0629,0
748,0.7000,0.7682,0.8101,1.0545,0
749,0.7000,0.8991,0.9707,1.0796,0
750,1.0000,0.2311,1.1747,5.0832,0
751,0.9000,0.8493,0.9345,1.1003,0
752,0.9000,1.1197,1.1449,1.0225,0
753,0.8000,0.8687,0.9604,1.1056,0
754,0.6000,1.1527,1.2384,1.0743,0
755,0.8000,1.0954,1.1413,1.0419,0
756,0.7000,0.4817,1.3693,2.8427,0
757,0.8000,1.3986,1.4793,1.0577,0
758,0.8000,1.1530,1.2451,1.0798,0
759,0.8000,0.9939,1.0356,1.0419,0
760,1.0000,0.8213,0.8489,1.0335,0
761,0.6000,1.1945,1.2258,1.0263,0
762,0.7000,0.6158,0.6792,1.1031,0
763,0.6000,1.0317,1.0628,1.0302,0
764,0.4000,1.1974,1.2397,1.0353,0
765,0.5000,1.1477,1.1796,1.0278,0
766,0.7000,0.7453,0.7944,1.0659,0
767,0.5000,0.1871,1.2923,6.9077,0
768,0.7000,0.9316,0.9872,1.0597,0
769,0.5000,1.0430,1.0838,1.0391,0
770,0.9000,1.1760,1.2145,1.0327,0
771,0.5000,1.0293,1.0893,1.0582,0
772,0.8000,1.4997,1.5362,1.0243,0
773,0.8000,0.9810,1.0179,1.0376,0
774,1.0000,0.9727,1.0525,1.0821,0
775,0.7000,0.1976,1.1088,5.6119,0
776,0.8000,0.3237,1.1843,3.6590,0
777,0.4000,1.1328,1.2254,1.0818,0
778,1.0000,0.9432,0.9748,1.0335,0
779,0.8000,0.6786,0.7559,1.1138,0
780,1.0000,0.7057,0.7687,1.0893,0
781,1.0000,0.8764,0.9139,1.0428,0
782,0.9000,1.0122,1.0554,1.0427,0
783,0.9000,1.0723,1.1165,1.0412,0
784,0.7000,0.9550,1.0074,1.0549,0
785,1.0000,0.7091,0.8674,1.2232,0
786,0.4000,1.0435,1.0768,1.0318,0
787,0.8000,1.1084,1.1233,1.0134,0
788,0.9000,0.5588,0.6110,1.0935,0
789,1.0000,1.2061,1.3986,1.1596,0
790,0.9000,0.8745,0.8985,1.0274,0
791,0.0000,1.1423,1.1716,1.0256,0
792,1.0000,0.9710,1.0051,1.0351,0
793,0.4000,1.1393,1.1568,1.0154,0
794,0.8000,1.0711,1.0932,1.0206,0
795,0.8000,0.9233,0.9871,1.0690,0
796,0.4000,1.1722,1.2457,1.0626,0
797,0.7000,0.7636,0.7887,1.0329,0
798,1.0000,0.6059,0.6354,1.0487,0
799,0.8000,1.0498,1.1043,1.0518,0
800,0.8000,0.8760,0.9095,1.0383,0
801,0.2000,1.2401,1.3033,1.0509,0
802,0.9000,1.0702,1.1486,1.0732,0
803,0.6000,0.8155,0.8490,1.0411,0
804,0.6000,1.1325,1.2238,1.0807,0
805,0.8000,1.1177,1.2111,1.0836,0
806,0.5000,1.3193,1.3877,1.0518,0
807,0.5000,1.4549,1.4777,1.0157,0
808,0.7000,1.1612,1.2184,1.0493,0
809,1.0000,0.8449,0.8671,1.0264,0
810,1.0000,0.9238,0.9694,1.0494,0
811,0.8000,0.9172,1.0077,1.0986,0
812,0.8000,1.1881,1.2589,1.0596,0
813,1.0000,0.9751,1.0378,1.0643,0
814,0.7000,1.2446,1.2831,1.0310,0
815,0.4000,1.2070,1.2787,1.0594,0
816,0.6000,1.1757,1.2685,1.0789,0
817,1.0000,0.8461,0.8818,1.0423,0
818,0.9000,1.1036,1.2092,1.0957,0
819,0.9000,0.7278,0.7596,1.0436,0
820,1.0000,0.7222,0.8423,1.1663,0
821,1.0000,0.6522,0.6983,1.0707,0
822,1.0000,0.5756,0.7018,1.2193,0
823,0.5000,1.7786,1.8268,1.0271,0
824,0.8000,1.1993,1.2425,1.0360,0
825,0.7000,1.1744,1.2155,1.0350,0
826,0.9000,1.0996,1.1726,1.0664,0
827,0.7000,1.0136,1.0689,1.0546,0
828,1.0000,0.9559,1.0293,1.0767,0
829,0.7000,1.1809,1.2050,1.0204,0
830,0.9000,0.8084,0.8487,1.0499,0
831,1.0000,0.7911,0.8586,1.0853,0
832,0.8000,1.0613,1.0858,1.0231,0
833,1.0000,1.3318,1.4943,1.1220,0
834,0.6000,1.1487,1.2043,1.0484,0
835,1.0000,0.7669,0.8571,1.1177,0
836,1.0000,0.8676,0.9841,1.1343,0
837,0.5000,1.3439,1.3855,1.0309,0
838,0.4000,1.3393,1.3776,1.0286,0
839,0.9000,0.9106,0.9603,1.0546,0
840,1.0000,0.6438,0.7307,1.1351,0
841,0.6000,1.1214,1.1846,1.0564,0
842,0.9000,1.3560,1.3959,1.0294,0
843,1.0000,0.6286,0.6528,1.0385,0
844,0.7000,1.3360,1.3880,1.0389,0
845,0.9000,0.9637,0.9889,1.0261,0
846,1.0000,1.6284,1.7237,1.0585,0
847,0.9000,1.0796,1.1448,1.0604,0
848,0.4000,0.8356,0.8934,1.0692,0
849,1.0000,1.0824,1.1903,1.0997,0
850,1.0000,0.9718,1.0286,1.0585,0
851,1.0000,0.7961,0.8252,1.0365,0
852,0.8000,0.9560,1.0029,1.0491,0
853,0.9000,1.1208,1.1924,1.0638,0
854,0.9000,1.3143,1.3748,1.0460,0
855,0.6000,1.0713,1.1033,1.0298,0
856,1.0000,2.1156,2.1774,1.0292,0
857,0.6000,0.8965,0.9193,1.0254,0
858,1.0000,0.5001,0.7440,1.4877,0
859,1.0000,0.8519,0.9048,1.0622,0
860,1.0000,1.8923,2.1456,1.1339,0
861,0.8000,1.1844,1.2351,1.0428,0
862,0.5000,1.2038,1.2541,1.0418,0
863,0.9000,1.2092,1.2636,1.0449,0
864,1.0000,0.9268,0.9761,1.0532,0
865,0.8000,1.0610,1.0997,1.0365,0
866,0.9000,1.1019,1.2033,1.0920,0
867,0.7000,1.0835,1.1280,1.0411,0
868,0.9000,1.2059,1.3236,1.0976,0
869,0.8000,0.9759,1.0341,1.0596,0
870,0.7000,0.9445,0.9925,1.0508,0
871,0.9000,1.0790,1.1723,1.0865,0
872,0.8000,1.0296,1.0966,1.0651,0
873,0.5000,0.7142,1.1453,1.6036,0
874,0.6000,1.3914,1.4449,1.0385,0
875,0.6000,1.1265,1.1658,1.0349,0
876,0.7000,1.1967,1.2651,1.0571,0
877,0.7000,1.0221,1.0863,1.0629,0
878,0.7000,0.9662,1.0599,1.0969,0
879,0.6000,1.2267,1.2509,1.0197,0
880,0.9000,0.9223,0.9530,1.0333,0
881,0.7000,1.0823,1.1160,1.0312,0
882,0.5000,1.1606,1.1992,1.0333,0
883,0.7000,1.0640,1.2038,1.1314,0
884,0.7000,0.9584,1.0125,1.0565,0
885,0.8000,1.0051,1.0309,1.0256,0
886,1.0000,0.8638,0.8916,1.0322,0
887,0.6000,1.2229,1.2591,1.0296,0
888,0.8000,1.0472,1.0855,1.0366,0
889,0.8000,1.1434,1.1818,1.0336,0
890,0.6000,1.1553,1.2207,1.0566,0
891,0.5000,1.0012,1.0573,1.0561,0
892,0.3000,1.2140,1.2594,1.0373,0
893,0.6000,1.2937,1.3394,1.0353,0
894,0.9000,1.1851,1.2105,1.0214,0
895,0.8000,1.1472,1.1679,1.0181,0
896,0.3000,1.3945,1.4806,1.0618,0
897,0.6000,0.9658,1.0237,1.0600,0
898,0.8000,1.1680,1.2339,1.0564,0
899,0.8000,1.3610,1.3957,1.0255,0
900,0.8000,1.0274,1.0863,1.0572,0
901,0.9000,0.8066,0.8540,1.0587,0
902,0.7000,1.8940,1.9847,1.0479,0
903,1.0000,1.6881,1.8067,1.0702,0
904,0.7000,1.0258,1.0549,1.0283,0
905,0.9000,0.7060,0.7416,1.0504,0
906,0.5000,0.2014,1.1874,5.8945,0
907,0.7000,1.0697,1.1128,1.0403,0
908,1.0000,0.1878,1.1111,5.9168,0
909,0.7000,1.0578,1.1299,1.0682,0
910,0.9000,1.0120,1.1202,1.1069,0
911,0.8000,0.7977,0.8308,1.0414,0
912,0.5000,0.8793,0.9312,1.0590,0
913,1.0000,0.6291,0.6530,1.0379,0
914,0.5000,1.0012,1.0522,1.0509,0
915,0.5000,1.1117,1.1697,1.0522,1
916,0.6000,1.6056,1.6562,1.0315,0
917,0.9000,1.1801,1.2767,1.0819,0
918,0.5000,0.9289,1.0264,1.1049,0
919,0.6000,1.1235,1.1644,1.0364,0
920,0.9000,0.8739,0.9234,1.0567,0
921,0.8000,0.8910,0.9542,1.0709,0
922,0.9000,0.9335,1.0127,1.0848,0
923,1.0000,0.0000,0.9517,1.0000,0
924,0.9000,0.9398,0.9803,1.0430,0
925,1.0000,0.9688,1.0083,1.0408,0
926,1.0000,0.8774,0.9245,1.0536,0
927,1.0000,1.0119,1.0662,1.0536,0
928,1.0000,1.6183,1.7490,1.0808,0
929,1.0000,1.2490,1.3447,1.0766,0
930,0.8000,0.1266,0.8847,6.9895,0
931,1.0000,1.5520,1.5777,1.0166,0
932,1.0000,0.6018,0.6310,1.0484,0
933,0.6000,1.0043,1.0452,1.0408,0
934,0.9000,0.8867,0.9176,1.0348,0
935,0.9000,0.8278,0.8540,1.0316,0
936,0.9000,0.8364,0.9056,1.0828,0
937,0.9000,1.1158,1.1383,1.0202,0
938,1.0000,1.1784,1.2161,1.0319,0
939,0.7000,1.0861,1.1390,1.0488,0
940,0.8000,0.8988,0.9762,1.0861,0
941,0.9000,0.9797,0.9982,1.0189,0
942,0.8000,0.7753,0.7937,1.0237,0
943,0.7000,1.2672,1.3023,1.0277,0
944,0.5000,1.3149,1.3614,1.0354,0
945,0.3000,1.1417,1.2633,1.1065,0
946,0.9000,1.0755,1.1137,1.0355,0
947,0.5000,1.0299,1.0667,1.0358,0
948,0.6000,1.0145,1.0542,1.0392,0
949,0.9000,1.0244,1.0746,1.0490,0
950,0.4000,1.1709,1.2055,1.0295,0
951,0.9000,1.0918,1.1177,1.0238,0
952,0.9000,0.9900,1.0639,1.0746,0
953,0.7000,1.2727,1.3091,1.0286,0
954,0.9000,1.0927,1.1719,1.0725,0
955,0.9000,1.0997,1.1568,1.0519,0
956,0.6000,1.0629,1.0918,1.0272,0
957,0.9000,0.7309,0.7574,1.0362,0
958,0.9000,0.4089,0.4415,1.0796,0
959,0.8000,1.2070,1.2647,1.0478,0
960,0.8000,0.7542,0.8445,1.1197,0
961,1.0000,0.4508,1.0824,2.4014,0
962,1.0000,0.6713,1.0330,1.5389,0
963,0.3000,1.1968,1.2658,1.0576,0
964,1.0000,1.9543,2.2691,1.1611,0
965,0.3000,1.4670,1.5130,1.0314,0
966,1.0000,1.2718,1.5967,1.2554,0
967,0.6000,1.4368,1.5983,1.1124,0
968,1.0000,1.1070,1.6459,1.4867,0
969,0.9000,1.2866,1.3558,1.0537,0
970,0.7000,1.2663,1.3024,1.0285,0
971,0.6000,1.0227,1.1209,1.0960,0
972,0.9000,1.3265,1.3754,1.0369,0
973,0.8000,0.9818,1.0156,1.0345,0
974,1.0000,1.3585,1.5572,1.1463,0
975,0.9000,1.1209,1.1717,1.0453,0
976,0.4000,1.2792,1.3362,1.0446,0
977,1.0000,1.2473,1.4563,1.1676,0
978,0.1000,0.3936,2.1306,5.4134,0
979,0.9000,0.3987,0.4122,1.0338,0
980,0.8000,1.9145,2.0017,1.0455,0
981,0.7000,1.1132,1.1605,1.0425,0
982,1.0000,1.3738,1.6222,1.1808,0
983,1.0000,0.6687,1.3703,2.0494,0
984,0.6000,1.8690,1.9045,1.0190,0
985,0.7000,1.0127,1.0301,1.0171,1
986,0.8000,1.3268,1.3950,1.0513,0
987,1.0000,1.0539,1.3277,1.2598,0
988,0.9000,0.9751,1.0095,1.0353,0
989,0.9000,0.6957,0.7402,1.0639,0
990,0.9000,1.3759,1.4228,1.0341,0
991,0.5000,1.1077,1.1544,1.0421,0
992,0.8000,1.0517,1.0789,1.0259,0
993,0.4000,1.4666,1.5123,1.0311,0
994,1.0000,0.7088,0.7797,1.0999,0
995,0.2000,1.6044,1.6282,1.0148,0
996,0.9000,1.0991,1.1401,1.0374,0
997,0.7000,1.1362,1.1552,1.0167,0
998,1.0000,0.8485,0.9206,1.0849,0
999,0.7000,0.3982,0.4234,1.0634,0
